season	words
1	0.0
2	0.007875255945818239
3	1.6302575806977502
4	1.7762842054728756
5	4.374731061615065
6	7.394790268745053
7	3.733409916100843
8	6.157670121465085
9	2.976435542854375
10	1.576616031432218
11	3.3681057894870428
12	5.116951379763469
13	6.347138203815728
14	2.8125890059812018
15	3.7956966289469314
16	6.032893634339613
17	5.937820931752404
18	4.398599882290989