season	words
1	15.550632281190879
2	9.969916996109685
3	13.82434705014243
4	16.37200370811813
5	16.472010490943365
6	15.21256645389949
7	18.106666666666666
8	15.276572795272822
9	16.582306071541012
10	19.00900900900901
11	17.81979695431472
12	15.734146277364589
13	20.146111072334286
14	11.413856122279448
15	16.620012335721402
16	18.972038686201284
17	17.184290782348913
18	18.0956510965184