season	words	profanities
1	7.746689236283979	1.1889460154241644
2	3.80998881731269	0.9921455146754857
3	1.5650204207708411	0.32894736842105265
4	2.6172030194676204	1.2017710309930423
5	1.5982296533071059	2.4358974358974357
6	1.7376942002305455	1.0891089108910892
7	1.2717948717948717	2.096774193548387
8	1.0692428541280747	0.21929824561403508
9	0.09687341067060619	2.5
10	0.5705705705705706	3.508771929824561
11	0.0	0
12	0.018396362776273947	0.0
13	0.0	0
14	0.0	0
15	0.0	0
16	0.0	0
17	0.0	0
18	0.0	0