season	profanities
1	11.889460154241645
2	9.921455146754857
3	3.289473684210526
4	12.017710309930424
5	24.358974358974358
6	10.891089108910892
7	20.967741935483872
8	2.192982456140351
9	25.0
10	35.08771929824562
11	0
12	0.0
13	0
14	0
15	0
16	0
17	0
18	0