season	words
1	7.746882079111797
2	3.810048826586864
3	1.5650472774698403
4	2.617246345622196
5	1.5982624019015224
6	1.7377240975878325
7	1.2718209604299575
8	1.069267926651972
9	0.09687341067060619
10	0.5705848494707074
11	0.0
12	0.018396846254927726
13	0.0
14	0.0
15	0.0
16	0.0
17	0.0
18	0.0