season	words	profanities
1	7.746882079111797	1.1889460154241644
2	3.810048826586864	0.9921455146754857
3	1.5650472774698403	0.32894736842105265
4	2.617246345622196	1.2017710309930423
5	1.5982624019015224	2.4358974358974357
6	1.7377240975878325	1.0891089108910892
7	1.2718209604299575	2.096774193548387
8	1.069267926651972	0.21929824561403508
9	0.09687341067060619	2.5
10	0.5705848494707074	3.508771929824561
11	0.0	0
12	0.018396846254927726	0.0
13	0.0	0
14	0.0	0
15	0.0	0
16	0.0	0
17	0.0	0
18	0.0	0