season	words
1	0.26636130541933234
2	0.06300204756654591
3	0.22480394007516347
4	0.29466783650901385
5	0.14548285966026678
6	0.7931592168197928
7	0.0594883997620464
8	0.21338460816958213
9	0.5594439466227508
10	0.24274881753797642
11	0.6802203101601564
12	0.26544021024967146
13	0.4234527687296417
14	0.009493971328206589
15	0.38194197328778495
16	0.37585884944099973
17	0.5975165717486696
18	0.09292816652727441