season	words
1	0.0
2	0.0
3	0.4238596972921028
4	0.12415574096146206
5	0.040980247520695026
6	0.24430948161657176
7	0.18256410256410258
8	0.5369662578844936
9	0.3729626310818338
10	0.10510510510510511
11	0.8274111675126904
12	2.2496123623557858
13	0.12796351876410508
14	0.014240618992238862
15	0.6808369312520757
16	0.35191037058316577
17	0.7686562519449804
18	0.3500185850576137