season	words	profanities
1	1.5906997585322746	0.1564945226917058
2	0.6221452197196409	0.25316455696202533
3	1.5719115199148834	0.2183406113537118
4	0.32777658218418393	0.5050505050505051
5	1.0778025941028215	0.19011406844106463
6	0.24775472282440383	0.0
7	0.0	0
8	0.016414200628429396	0.0
9	0.0	0
10	0.037538476938862336	6.666666666666667
11	0.6116906520470062	0.0
12	0.0	0
13	0.0	0
14	0.5838792366847052	1.6260162601626016
15	0.0	0
16	1.113212515860286	0.6451612903225806
17	0.0	0
18	0.0	0