season	words
1	0.9309967141292442
2	0.7292372147233466
3	1.1342965988262348
4	0.7979075619123295
5	0.3442340791738382
6	0.06021712575056346
7	0.3343589743589744
8	0.31420732994114475
9	0.21796517400886392
10	0.12512512512512514
11	0.1649746192893401
12	0.6254763343933142
13	0.7375351899676601
14	0.36550922080079745
15	0.1850358210371495
16	1.1060040218328067
17	0.37032426713138733
18	0.3469210754553339