season	profanities
1	22.674687644608976
2	17.28110599078341
3	13.299701903233203
4	11.039116870650348
5	11.725293132328309
6	17.72082878953108
7	17.689451845381086
8	16.531094200997114
9	11.958146487294469
10	14.191106906338694
11	14.591741695125737
12	7.786885245901639
13	12.88981288981289
14	11.707317073170731
15	5.687520910003346
16	14.591741695125737
17	12.112403100775193
18	8.905013192612138