season	words
1	10.759005252545368
2	9.570011025358324
3	7.483740325708304
4	6.8982071614216895
5	9.786283630104707
6	6.310863356388286
7	9.393013190014154
8	8.936359799277776
9	8.101038967329442
10	7.9356340248754975
11	8.175334399350238
12	6.412614980289093
13	5.595625872498837
14	4.865660305705877
15	7.090835764951486
16	7.711091427066625
17	6.423303146298198
18	9.391940030356535