season	words
1	7.214159468273133
2	3.7549220349661363
3	3.771901223551216
4	3.7694306951181153
5	3.24775116283835
6	1.5415849420185128
7	2.3282528872387127
8	0.13131360502743517
9	0.12109176333825773
10	0.0
11	0.0
12	1.0722733245729303
13	0.20009306654257794
14	0.80698756289756
15	0.34398500699831563
16	0.5817433147398913
17	0.20539632153860518
18	0.9137936375181984