season	profanities
1	4.11522633744856
2	3.9840637450199203
3	12.918379330593071
4	0.0
5	16.842105263157894
6	13.620386643233743
7	7.1758072783188105
8	5.087209302325581
9	4.819277108433735
10	4.819277108433735
11	11.462631820265933
12	12.693156732891833
13	6.846384253316217
14	10.487144790257105
15	15.096065873741994
16	7.826887661141805
17	11.347517730496454
18	7.788161993769471