season	words
1	0.6049139926812875
2	1.1860135454402267
3	2.9224512209771247
4	1.5594219213005116
5	0.9733008216707989
6	3.915901035752383
7	4.002133377094915
8	3.2265628663884067
9	6.030369814245235
10	3.1156935859255737
11	5.535673494251123
12	4.76215505913272
13	5.437412750116333
14	7.016044811544669
15	5.185870519298745
16	5.199779751502239
17	4.388012323779292
18	7.95465105473469