season	words
1	12.28218659763019
2	9.642311508717771
3	9.021175824552975
4	8.990531055489338
5	8.177608392754692
6	11.558247165493867
7	8.978461538461538
8	11.037118671887823
9	9.735777772395922
10	6.251251251251252
11	7.477157360406092
12	7.510972116370135
13	7.214815848863451
14	6.227897372605796
15	5.774066518005409
16	8.19927223977784
17	4.755088068712268
18	6.089703878082022