season	words
1	2.603868462323567
2	0.4614899984249488
3	0.0669263638391708
4	1.253166023805188
5	0.20490543614122084
6	0.3114139224390076
7	0.07384766867012657
8	0.5744970219950288
9	0.3632752900147732
10	0.002502565129257489
11	1.1573897814665346
12	1.592641261498029
13	1.1447184737087017
14	0.652710528814203
15	0.28467724717101983
16	0.0694261569031146
17	2.7230572931254473
18	1.1585044760400212